"#","Name","Email","Access","Registered"
"1","Andrea Gardner","client1@example.com","Personal","6 days ago"
"2","Marie Duncan","client2@example.com","Business","8 days ago"
"3","Jose Parker","client3@example.com","Personal","9 days ago"
"4","Laura Carr","client4@example.com","Trial","9 days ago"
"5","Laura Carr","client5@example.com","Disabled","3 days ago"
"6","Andrea Gardner","client6@example.com","VIP","5 days ago"
"7","Judy Ford","client7@example.com","Business","6 days ago"
"8","Laura Carr","client8@example.com","VIP","9 days ago"
"9","Jose Wagner","client9@example.com","Business","4 days ago"
"10","Jack Estrada","client10@example.com","VIP","8 days ago"
"11","Jack Greene","client11@example.com","Trial","6 days ago"
"12","Jesse Fisher","client12@example.com","Business","5 days ago"
"13","Laura Carr","client13@example.com","Trial","6 days ago"
"14","Ralph Murray","client14@example.com","Trial","4 days ago"
"15","Lori Moore","client15@example.com","Personal","5 days ago"
"16","Ryan Flores","client16@example.com","Disabled","8 days ago"
"17","Danielle Jones","client17@example.com","Personal","10 days ago"
"18","Carol Ray","client18@example.com","Trial","9 days ago"
"19","Brian Stevens","client19@example.com","Business","10 days ago"
"20","David Fuller","client20@example.com","Disabled","3 days ago"